<?xml version="1.0" encoding="UTF-8"?>
<metadata xml:lang="en"><mdContact><rpIndName>Helen Berry</rpIndName><rpOrgName>Washington State Department of Natural Resources, Aquatic Resources Division, Nearshore Habitat Program</rpOrgName><rpPosName>Kelp Project Manager</rpPosName><role><RoleCd value="006"/></role><rpCntInfo><cntAddress addressType="both"><delPoint>P.O. Box 47027</delPoint><city>Olympia</city><adminArea>Washington</adminArea><postCode>98504-7027</postCode><country>US</country><delPoint>1111 Washington Street SE</delPoint></cntAddress><cntPhone><voiceNum>(360) 902-1100</voiceNum><faxNum>(360) 902-1786</faxNum></cntPhone></rpCntInfo></mdContact><distInfo xmlns=""><distFormat xmlns=""><formatVer>10.4</formatVer><formatName>Esri File Geodatabase Feature Class</formatName></distFormat><distributor xmlns=""><distorCont xmlns=""><rpIndName>Helen Berry</rpIndName><rpOrgName>Washington State Department of Natural Resources, Aquatic Resources Division, Nearshore Habitat Program</rpOrgName><rpPosName>Kelp Monitoring Lead</rpPosName><rpCntInfo><cntAddress addressType="both"><delPoint>P.O. Box 47027</delPoint><city>Olympia</city><adminArea>Washington</adminArea><postCode>98504-7027</postCode><country>US</country><delPoint>1111 Washington Street SE</delPoint></cntAddress><cntPhone><voiceNum>(360) 902-1100</voiceNum><faxNum>(360) 902-1786</faxNum><voiceNum tddtty="True">(800) 833-6388</voiceNum></cntPhone><cntHours>M-F 8 A.M. - 4:30 P.M.</cntHours></rpCntInfo><displayName>Helen Berry</displayName><displayName>Helen Berry</displayName><role><RoleCd value="005"/></role></distorCont></distributor><distTranOps xmlns=""><onLineSrc xmlns=""><linkage>http://data-wadnr.opendata.arcgis.com/</linkage><orFunct><OnFunctCd value="001"/></orFunct></onLineSrc></distTranOps></distInfo><dataIdInfo><idCitation><resTitle>Washington State Floating Kelp Inventory of the Strait of Juan de Fuca and Outer Coast, 2014</resTitle><presForm><fgdcGeoform>vector digital data</fgdcGeoform><PresFormCd value="005"/></presForm><collTitle>Washington State Floating Kelp Inventory of the Strait of Juan de Fuca and Outer Coast</collTitle><date><pubDate>2015-06-30T00:00:00</pubDate></date><citRespParty><rpOrgName>Washington State Department of Natural Resources; Aquatic Resources Division; Nearshore Habitat Program</rpOrgName><role><RoleCd value="006"/></role></citRespParty></idCitation><idPurp>The Washington State Department of Natural Resources (DNR) manages state owned aquatic lands. DNR's Nearshore Habitat Program inventories and monitors floating kelp beds as part of its program to track nearshore habitat health.</idPurp><idAbs>&lt;DIV STYLE="text-align:Left;"&gt;&lt;DIV&gt;&lt;DIV&gt;&lt;P&gt;&lt;SPAN&gt;These data describe the extent of floating kelp beds (Nereocystis luetkeana and Macrocystis pyrifera) in 2014 along the Strait of Juan de Fuca and outer coast of Washington State. Data are derived from photo interpretation of low tide aerial photography in the late summer, the season of maximum extent. Polygons represent bed extent or planimeter, which include the kelp canopy floating on the surface and small gaps between plants (25 meter threshold for delineating discrete beds). These data are part of a long term monitoring effort that surveys the kelp canopies annually. The entire data set is comprised of the following components: yearly inventories (feature classes) starting in 1989, excluding 1993 (kelpYYYY), a combined inventory from all years (kelp1989_YYYY), a spatial index delineating the geographic extent of monitoring sub-areas (map_index) and tabular data describing kelp characteristics for each year that link to the spatial index (summary_kelp_stats). Users who wish to use the most precise inventory estimates and compare area over multiple years should use the tabular summary tables which summarize area by map_index. The tabular estimates are more precise because they are based on the source imagery. The area estimates in the feature classes reflect subsequent processing. Methods of subsequent processing have varied with changes in technology since 1989, resultsing in noticeable differences among years in the spatial data that preclude detailed comparison of spatial data across years. Major methodological changes include: 1) a format change from vector (CAD) in 1989 to raster (20 m cell size) in 1994; 2) In 2010, the resolution changed form 20 meter to 4 meter resolution.&lt;/SPAN&gt;&lt;/P&gt;&lt;/DIV&gt;&lt;/DIV&gt;&lt;/DIV&gt;</idAbs><idCredit>This dataset is primarily funded and managed by Washington State Department of Natural Resources, through the Nearshore Habitat Program. Other supporters and collaborators include: NOAA's Olympic Coast National Marine Sancutary, Washington State Department of Transportation, Washington State Department of Ecology's Coastal Zone Management Act, and Washington State Coastal Protection Fund. </idCredit><searchKeys><keyword>floating kelp</keyword><keyword>bull kelp</keyword><keyword>giant kelp</keyword><keyword>Northwest Coastal Region</keyword><keyword>Strait of Juan de Fuca</keyword><keyword>Outer Coast</keyword><keyword>Macrocystis pyrifera</keyword><keyword>Nereocystis luetkeana</keyword><keyword>Washington State</keyword><keyword>nearshore habitat</keyword><keyword>canopy-forming kelp</keyword><keyword>Olympic Peninsula</keyword><keyword>algae</keyword><keyword>Pacific Northwest</keyword><keyword>USA</keyword></searchKeys><dataExt><geoEle xmlns=""><GeoBndBox esriExtentType="search"><exTypeCode>1</exTypeCode><westBL>-124.781628</westBL><eastBL>-122.737948</eastBL><northBL>48.449629</northBL><southBL>47.663106</southBL></GeoBndBox></geoEle><exDesc>The Strait of Juan de Fuca and outer coast, Olympic Peninsula, Washington State, USA during late summer 2014.</exDesc><tempEle><TempExtent><exTemp><TM_Period><tmBegin>2014-09-01T00:00:00</tmBegin><tmEnd>2014-09-01T00:00:00</tmEnd></TM_Period></exTemp></TempExtent></tempEle></dataExt><themeKeys xmlns=""><keyword>Nereocystis luetkeana</keyword><keyword>Macrocystis pyrifera</keyword><keyword>bull kelp</keyword><keyword>giant kelp</keyword><keyword>floating kelp</keyword><keyword>nearshore habitat</keyword></themeKeys><placeKeys xmlns=""><keyword>Northwest Coastal Region</keyword><keyword>Strait of Juan de Fuca</keyword><keyword>Outer Coast</keyword><keyword>Washington State</keyword><keyword>Pacific Northwest</keyword><keyword>USA</keyword></placeKeys><stratKeys xmlns=""><thesaName xmlns=""><resTitle>Oregon metadata keyword thesaurus</resTitle><citOnlineRes xmlns=""><linkage>http://www.oregon.gov/geo/Pages/thesaurus.aspx#stratum</linkage></citOnlineRes></thesaName><keyword>euphotic</keyword></stratKeys><dataChar><CharSetCd value="004"/></dataChar><idStatus><ProgCd value="001"/></idStatus><idPoC><rpIndName>Helen Berry</rpIndName><rpOrgName>Washington State Department of Natural Resources, Aquatic Resources Division, Nearshore Habitat Program</rpOrgName><rpPosName>Kelp Project Manager</rpPosName><role><RoleCd value="006"/></role><rpCntInfo><cntAddress addressType="both"><delPoint>P.O. Box 47027</delPoint><city>Olympia</city><adminArea>Washington</adminArea><postCode>98504-7027</postCode><country>US</country><delPoint>1111 Washington Street SE</delPoint></cntAddress><cntPhone><voiceNum>(360) 902-1100</voiceNum><faxNum>(360) 902-1786</faxNum><voiceNum tddtty="True">(800) 833-6388</voiceNum></cntPhone><cntHours>M-F 8 A.M. - 4:30 P.M.</cntHours></rpCntInfo><displayName>Helen Berry</displayName></idPoC><resMaint><maintFreq><MaintFreqCd value="008"/></maintFreq></resMaint><resConst><Consts><useLimit>&lt;DIV STYLE="text-align:Left;"&gt;&lt;DIV&gt;&lt;DIV&gt;&lt;P&gt;&lt;SPAN&gt;Liability Disclaimer:&lt;/SPAN&gt;&lt;/P&gt;&lt;P&gt;&lt;SPAN&gt;The Washington State Department of Natural Resources (DNR) provides these geographic data "as is." DNR makes no guarantee or warranty concerning the accuracy of information contained in the geographic data. DNR further makes no warranties, either expressed or implied as to any other matter whatsoever, including, without limitation, the condition of the product, or its fitness for any particular purpose. The burden for determining fitness for use lies entirely with the user. Although these data have been processed successfully on computers of DNR, no warranty, expressed or implied, is made by DNR regarding the use of these data on any other system, nor does the fact of distribution constitute or imply any such warranty.&lt;/SPAN&gt;&lt;/P&gt;&lt;P&gt;&lt;SPAN&gt;In no event shall the DNR have any liability whatsoever for payment of any consequential, incidental, indirect, special, or tort damages of any kind, including, but not limited to, any loss of profits arising out of use of or reliance on the geographic data or arising out of the delivery, installation, operation, or support by DNR.&lt;/SPAN&gt;&lt;/P&gt;&lt;/DIV&gt;&lt;/DIV&gt;&lt;/DIV&gt;</useLimit></Consts></resConst><aggrInfo><assocType><AscTypeCd value="002"/></assocType><initType><InitTypCd value="002"/></initType><aggrDSName><resTitle>Washington State Floating Kelp Inventory of the Strait of Juan de Fuca and Outer Coast</resTitle><date><pubDate>2015-06-30T00:00:00</pubDate></date><citOnlineRes><linkage>http://www.dnr.wa.gov/dataandmaps/index.html</linkage><orFunct><OnFunctCd value="001"/></orFunct></citOnlineRes></aggrDSName></aggrInfo><envirDesc>Microsoft Windows 7 Version 6.1 (Build 7601) Service Pack 1; Esri ArcGIS 10.2.2.3552</envirDesc><dataLang><languageCode value="eng"/><countryCode value="USA"/></dataLang><spatRpType><SpatRepTypCd value="001"/></spatRpType><tpCat><TopicCatCd value="014"/></tpCat><tpCat><TopicCatCd value="002"/></tpCat></dataIdInfo><mdMaint><maintFreq><MaintFreqCd value="009"/></maintFreq></mdMaint><dqInfo><dqScope><scpLvl><ScopeCd value="005"/></scpLvl></dqScope><report type="DQQuanAttAcc"><measDesc>Floating kelp mapping results are impacted by many environmental and methodological factors, including aerial photography quality, current speed, tidal height, and uncertainty in interpretation. Therefore, these data are only approximate representations of the extent and composition of kelp beds. Extreme care was used during the compilation of these data to ensure accuracy. However, the Department of Natural Resources cannot accept responsibility for errors or omissions, and, therefore, there are no warranties which accompany this material.</measDesc></report><report type="DQCompOm"><measDesc>Spatially, the floating kelp polygon coverages are comprehensive for the nearshore areas along Washington's outer coast and the Straits of Juan de Fuca. Floating kelp was not surveyed in 1993, therefore kelp polygons for this year are not represented in these data.</measDesc></report><report type="DQAbsExtPosAcc" dimension="horizontal"><measDesc>Positional accuracy of input data sources is variable and unspecified. Some kelp polygons overlap the Washington DNR shoreline -- this is due to the horizontal error in the kelp polygon locations.</measDesc></report><dataLineage><prcStep xmlns=""><stepDesc>The raw aerial photography was converted to digital spatial data using the following steps: - Canopy mapping was completed on USGS 7.5 quadrangle maps that were enlarged to 1:12,000 on a calibrated photocopier. Film slides or digital imagery were projected onto the maps, and the surface canopy was delineated by hand on the basemaps from the center portion of the slide. - Kelp canopy species composition was determined by combining visual observations from two low-altitude over-flights and quantitative data from the vertical imagery. In mixed beds, species composition was determined to the nearest 10% through species identification using a random dot grid. - Bed planimeter maps were created by establishing a computer derived perimeter polygon around the kelp within each species class (25 meter distance threshold). - Relative density index was produced by dividing the kelp canopy area by the planimeter area for each kelp bed. - Canopy area and bed planimeter area were determined by scanning the maps.  From 1989-1993, the product of this processing was in vector (polygon) format. From 1994-2009, the product was a raster with a cell size of 20 meters. Starting in 2010, a cell size of 4 meters was used which introduced an offset in area values relative to the earlier years due to the resolution change.</stepDesc><stepDateTm>2017-06-30T00:00:00</stepDateTm></prcStep><dataSource type="" xmlns=""><srcDesc>Spatial Index Numbers for Kelp Beds</srcDesc><srcScale><rfDenom>12000</rfDenom></srcScale><srcCitatn><resTitle>map_index: Kelp Bed Spatial Index</resTitle><resAltTitle>kelpbeds</resAltTitle><date><pubDate>2005-01-01</pubDate></date><citRespParty><rpOrgName>Robert F. Van Wagenen, Ecoscan Resource Data</rpOrgName><role><RoleCd value="006"/></role></citRespParty><presForm><PresFormCd value="005"/></presForm><presForm><fgdcGeoform>vector digital data</fgdcGeoform></presForm></srcCitatn></dataSource><dataSource type="" xmlns=""><srcDesc>floating kelp areas for 1994-2014</srcDesc><srcMedName><MedNameCd value="001"/></srcMedName><srcCitatn xmlns=""><resTitle>kelp&lt;yy&gt;grid: Washington Coastal Kelp Data, Annual Kelp Grids, 1994-2014, Nearshore Habitat Program, June 2015</resTitle><resAltTitle>kelp 1994-2014 grids</resAltTitle><citRespParty><rpOrgName>Washington State Department of Natural Resources, Aquatic Resources Division, Nearshore Habitat Program</rpOrgName><role><RoleCd value="006"/></role></citRespParty><citRespParty><rpOrgName>Sound GIS (conversion and compilation)</rpOrgName><role><RoleCd value="006"/></role></citRespParty><citRespParty><rpOrgName>Ecoscan Resource Data (original data collection, mapping, and scanning)</rpOrgName><role><RoleCd value="006"/></role></citRespParty><presForm><PresFormCd value="005"/></presForm><presForm><fgdcGeoform>raster digital data</fgdcGeoform></presForm><otherCitDet>Ecoscan's source images (ERDAS Imagine .img format) were converted and combined into annual grids. For grid processing details, see kelpyeargrid.txt metadata</otherCitDet></srcCitatn><srcExt xmlns=""><exDesc>ground condition</exDesc><tempEle><TempExtent><exTemp><TM_Period><tmBegin>1994-01-01</tmBegin><tmEnd>2014-01-01</tmEnd></TM_Period></exTemp></TempExtent></tempEle></srcExt></dataSource><dataSource type="" xmlns=""><srcDesc>All kelp inventories were derived from 70 mm color-infrared photography from fixed wing aircraft during a cloud-free low tide window. Specifications: Season: late summer, the season of the maximum floating kelp canopy development. Aircraft altitude = 7,500 ft MSL Photographic scale (1 inch = 2,500 ft). Overlap = 20-30%, sidelap = 30-40%. Basemap scale (1:12,000). Minimum mapping unit is not defined, single stipes can be detected. From 1989 through 2008, used 75 mm medium format lens (.7x focal length multiplication factor), and 10 mm Kodak color infrared film, type 1443 (until film was discontinued). From 2009 to present, used Nikon D200 digital (35mm D-SLR) camera and collected digital color imagery, with contrast enhanced to simulate the appearance of color-infrared film.</srcDesc><srcScale><rfDenom>12000</rfDenom></srcScale><srcCitatn><resTitle>Washington Coastal Kelp Resources 1989: Port Townsend to the Columbia River</resTitle><resAltTitle>aerial photography</resAltTitle><date><pubDate>1989-01-01</pubDate></date><citRespParty><rpOrgName>Washington Department of Natural Resources, Aquatic Resources Division, Nearshore Habitat Program (map digitization)</rpOrgName><role><RoleCd value="006"/></role></citRespParty><citRespParty><rpOrgName>Robert F. Van Wagenen, Ecoscan Resource Data (original data collection and mapping)</rpOrgName><role><RoleCd value="006"/></role></citRespParty><presForm><PresFormCd value="005"/></presForm><presForm><fgdcGeoform>vector digital data</fgdcGeoform></presForm><otherCitDet>Ecoscan provided hard-copy maps to WDNR. WDNR digitized these maps into ArcInfo coverage format</otherCitDet></srcCitatn><srcExt><exDesc>ground condition</exDesc><tempEle><TempExtent><exTemp><TM_Instant><tmPosition>1989-01-01</tmPosition></TM_Instant></exTemp></TempExtent></tempEle></srcExt></dataSource><dataSource type="" xmlns=""><srcDesc>Relative Density Index (RDI) for each kelp bed by year</srcDesc><srcCitatn><resTitle>Washington Coastal Kelp Resources, Port Townsend to Columbia River, Final Report(s) 1989-2004</resTitle><resAltTitle>Ecoscan spreadsheets</resAltTitle><date><pubDate>1989-20-05</pubDate></date><citRespParty><rpOrgName>Robert F. Van Wagenen, Ecoscan Resource Data</rpOrgName><role><RoleCd value="006"/></role></citRespParty><presForm><fgdcGeoform>digital spreadsheet data</fgdcGeoform></presForm></srcCitatn></dataSource><dataSource type="" xmlns=""><srcDesc>floating kelp polygons for 1990-1992</srcDesc><srcMedName><MedNameCd value="001"/></srcMedName><srcScale><rfDenom>12000</rfDenom></srcScale><srcCitatn><resTitle>Washington Coastal Kelp Resources 1990, 1991, 1992: Port Townsend to the Columbia River</resTitle><resAltTitle>kelp 1990-1992 source coverages</resAltTitle><citRespParty><rpOrgName>Washington Department of Natural Resources, Aquatic Resources Division, Nearshore Habitat Program (DLG data conversion)</rpOrgName><role><RoleCd value="006"/></role></citRespParty><citRespParty><rpOrgName>Robert F. Van Wagenen, Ecoscan Resource Data (original data collection and mapping)</rpOrgName><role><RoleCd value="006"/></role></citRespParty><presForm><PresFormCd value="005"/></presForm><presForm><fgdcGeoform>vector digital data</fgdcGeoform></presForm><otherCitDet>Ecoscan delivered annual kelp data in DLG format. WDNR converted these data to ArcInfo coverage format, one for each year.</otherCitDet></srcCitatn><srcExt><exDesc>ground condition</exDesc><tempEle><TempExtent><exTemp><TM_Period><tmBegin>1990-01-01</tmBegin><tmEnd>1992-01-01</tmEnd></TM_Period></exTemp></TempExtent></tempEle></srcExt></dataSource><prcStep xmlns=""><stepDesc>The following steps were used to clean up and merge the spatial data (organization that completed the work is included in parenthesis): - Created a GIS coverage delineating the kelp bed spatial index boundaries as defined and used by Van Wagenen to summarize planimeter area, canopy area, and density (Terralogic/Sound GIS). - - For annual data, starting in 1994, compiled each year of kelp planimeter data to a consistent GIS format (i.e., a shape file format, containing species identifiers, map index number, and relative density index) (Terralogic/Sound GIS). In 1990-1992, converted the in DLG format data delivered by Ecoscan (DNR). In 1989, digitized hardcopy maps delivered by Ecoscan (DNR). - Merged all years of kelp data into a single shape file that delineates the maximum extent of kelp during the study period. - Compiled annual tabular summary statistics by kelp bed number into a database file (.dbf) for each year. The following paragraphs describe processing steps in more detail. The 1989 kelp polygon coverages were projected from Washington State Plane South, NAD-27 to the final coordinate system. These data had a single attribute, dom.type, which contained the values: KELP, H2O, or Null. Species identification was not available for the 1989 data set, therefore, when dom.type was indicated as 'KELP', the species was designated as 'unspecified.' Polygons with dom.type = H2O or Null were internal holes in the kelp polygons, and were assigned a species name of 'none.' Because the data was one single coverage for the year, the overlap flag for all polygons was set to 'N' (no overlap), and the overlap species were set to 0 (none). The 1990 through 1992 kelp polygon coverages were projected from Washington State Plane South, NAD-27 to the final coordinate system. These data had a single attribute, minor1, that was derived from the original DXF files. The final species codes were assigned based on 'read me' files provided by WDNR. As with the 1989 data, the data were provided as a single coverage for each year, so the overlap flags were set to 'N' (no overlap), and the overlap species were set to 0 (none). In the data from 1990, 1991, and 1992, a group of polygons appeared to be incorrectly located in bed 25.1, east of their correct location in bed 25.2. This error was validated by the tabular data which lists no floating kelp in bed 25.1 for any year, as well as the similar shape of polygons for all other years in bed 25.2. All other floating kelp polygons for 1990, 1991, and 1992 appeared to be correctly located relative to kelp polygons for all other years. Most likely, there was a registration error on a single map sheet for each of these years. To correct this error, these polygons were selected and shifted 9904.375 feet westward and 466.5 feet northward to match the general location of the bed 25.2 polygons from all other years. For 1994 through present, each annual kelp planimeter grid was converted to a polygon coverage using the default ArcInfo GRIDPOLY command. The mixed areas created through overlapping .img tiles were also converted to polygons and overlaid with the annual planimeter kelp polygon coverage. For these areas, the overlap flag was set (overlap = 'Y'), and the species codes for the two source species were indicated in the overlap_sp1 and overlap_sp2 attributes. Each annual coverage was then projected from the source UTM coordinate system to Washington State Plane South. In the 1996 source images, the map registration tic marks in bed 25.1 were colored red in the source data, rather than magenta as in all other source image files. Therefore, these tics were converted and erroneously coded as Nereocystis polygons. The error was validated by the tabular data which indicates no floating kelp in bed 25.1 for 1996. These erroneous polygons were selected and removed from the 1996 annual kelp polygon data polygon. For all years of data, kelp bed index numbers were assigned to all kelp planimeter areas by overlaying the kelp bed spatial index polygons with the kelp planimeter polygons using the ArcInfo IDENTITY command or ArcGIS Spatial Join. The relative density index (RDI) attribute was assigned with a tabular join on the kelp bed index number.</stepDesc><stepDateTm>2015-06-30T00:00:00</stepDateTm><stepSrc type="used"><srcCitatn><resAltTitle>aerial photography</resAltTitle></srcCitatn></stepSrc></prcStep></dataLineage></dqInfo><eainfo><detailed Name="kelp2014"><enttyp><enttypl>kelp2014</enttypl><enttypd>Annual floating kelp polygon attribute table.</enttypd><enttypt Sync="TRUE">Feature Class</enttypt><enttypc Sync="TRUE">1447</enttypc></enttyp><attr><attrlabl>OBJECTID</attrlabl><attrdef>Internal feature number.</attrdef><attrdefs>Esri</attrdefs><attrdomv><udom>Sequential unique whole numbers that are automatically generated.</udom></attrdomv><attalias Sync="TRUE">OBJECTID</attalias><attrtype Sync="TRUE">OID</attrtype><attwidth Sync="TRUE">4</attwidth><atprecis Sync="TRUE">0</atprecis><attscale Sync="TRUE">0</attscale></attr><attr><attrlabl>Shape</attrlabl><attrdef>Feature geometry.</attrdef><attrdefs>Esri</attrdefs><attrdomv><udom>Coordinates defining the features.</udom></attrdomv><attalias Sync="TRUE">Shape</attalias><attrtype Sync="TRUE">Geometry</attrtype><attwidth Sync="TRUE">0</attwidth><atprecis Sync="TRUE">0</atprecis><attscale Sync="TRUE">0</attscale></attr><attr><attrlabl>MAP_INDEX</attrlabl><attrdef>Unique spatial kelp bed map index number used for mapping and analysis, based on source map number and sequence within source map.</attrdef><attrdomv><rdom><rdommin>1.1</rdommin><rdommax>41.1</rdommax><attrunit>sequential map index number</attrunit></rdom></attrdomv><attalias Sync="TRUE">MAP_INDEX</attalias><attrtype Sync="TRUE">Single</attrtype><attwidth Sync="TRUE">4</attwidth><atprecis Sync="TRUE">0</atprecis><attscale Sync="TRUE">0</attscale></attr><attr><attrlabl>spname</attrlabl><attrdef>Species Name</attrdef><attrdomv><codesetd><codesetn>mixed</codesetn></codesetd></attrdomv><attrdomv><codesetd><codesetn>Macrocystis pyrifera</codesetn></codesetd></attrdomv><attrdomv><codesetd><codesetn>unspecified</codesetn></codesetd></attrdomv><attrdomv><codesetd><codesetn>Nereocystis luetkeana</codesetn></codesetd></attrdomv><attrdomv><codesetd><codesetn>none</codesetn></codesetd></attrdomv><attalias Sync="TRUE">spname</attalias><attrtype Sync="TRUE">String</attrtype><attwidth Sync="TRUE">26</attwidth><atprecis Sync="TRUE">0</atprecis><attscale Sync="TRUE">0</attscale></attr><attr><attrlabl>spnum</attrlabl><attrdef>A numeric species code</attrdef><attrdomv><edom><edomv>3</edomv><edomvd>mixed</edomvd></edom><edom><edomv>0</edomv><edomvd>none</edomvd></edom><edom><edomv>1</edomv><edomvd>Macrocystis pyrifera</edomvd></edom><edom><edomv>2</edomv><edomvd>Nereocystis luetkeana</edomvd></edom></attrdomv><attalias Sync="TRUE">spnum</attalias><attrtype Sync="TRUE">SmallInteger</attrtype><attwidth Sync="TRUE">2</attwidth><atprecis Sync="TRUE">0</atprecis><attscale Sync="TRUE">0</attscale></attr><attr><attrlabl>rdi</attrlabl><attrdef>Relative Density Index - indicates the kelp density, calculated by dividing the canopy area by the bed planimeter area</attrdef><attrdomv><rdom><rdommin>0</rdommin><rdommax>1</rdommax><attrunit>proportion of total</attrunit></rdom></attrdomv><attalias Sync="TRUE">rdi</attalias><attrtype Sync="TRUE">Double</attrtype><attwidth Sync="TRUE">8</attwidth><atprecis Sync="TRUE">0</atprecis><attscale Sync="TRUE">0</attscale></attr><attr><attrlabl>Shape_Length</attrlabl><attrdef>Length of feature in feet.</attrdef><attrdefs>Esri</attrdefs><attrdomv><udom>Positive real numbers that are automatically generated.</udom></attrdomv><attalias Sync="TRUE">Shape_Length</attalias><attrtype Sync="TRUE">Double</attrtype><attwidth Sync="TRUE">8</attwidth><atprecis Sync="TRUE">0</atprecis><attscale Sync="TRUE">0</attscale></attr><attr><attrlabl>Shape_Area</attrlabl><attrdef>Area of feature in feet squared.</attrdef><attrdefs>Esri</attrdefs><attrdomv><udom>Positive real numbers that are automatically generated.</udom></attrdomv><attalias Sync="TRUE">Shape_Area</attalias><attrtype Sync="TRUE">Double</attrtype><attwidth Sync="TRUE">8</attwidth><atprecis Sync="TRUE">0</atprecis><attscale Sync="TRUE">0</attscale></attr></detailed><overview><eaover>Describes species composition and density.</eaover></overview></eainfo><mdLang><languageCode value="eng"/><countryCode value="USA"/></mdLang><mdHrLv><ScopeCd value="005"/></mdHrLv><mdHrLvName>dataset</mdHrLvName><refSysInfo><RefSystem><refSysID><identCode code="2927"/><idCodeSpace>EPSG</idCodeSpace><idVersion>8.2.6</idVersion></refSysID></RefSystem></refSysInfo><spatRepInfo><VectSpatRep><geometObjs Name="kelp2014"><geoObjTyp><GeoObjTypCd value="002" Sync="TRUE"></GeoObjTypCd></geoObjTyp><geoObjCnt Sync="TRUE">1447</geoObjCnt></geometObjs><topLvl><TopoLevCd value="001" Sync="TRUE"></TopoLevCd></topLvl></VectSpatRep></spatRepInfo><mdDateSt>20150615</mdDateSt><Esri><scaleRange><minScale>150000000</minScale><maxScale>5000</maxScale></scaleRange><ArcGISFormat>1.0</ArcGISFormat><ArcGISProfile>FGDC</ArcGISProfile><DataProperties><itemProps><itemName Sync="TRUE">kelp2014</itemName><imsContentType Sync="TRUE" export="False">002</imsContentType><nativeExtBox><westBL Sync="TRUE">600214.564310</westBL><eastBL Sync="TRUE">1089526.140803</eastBL><southBL Sync="TRUE">877508.068919</southBL><northBL Sync="TRUE">1144578.503281</northBL><exTypeCode Sync="TRUE">1</exTypeCode></nativeExtBox><itemLocation><linkage Sync="TRUE">file://\\DNR\DIVISIONS\AQR_NEARSHORE\kelp\canopy_strait_coast\distribution_datasets\kelp_canopy_strait_coast_1989_2016\download_ZIP\kelp_canopy_strait_coast.gdb</linkage><protocol Sync="TRUE">Local Area Network</protocol></itemLocation></itemProps><coordRef><type Sync="TRUE">Projected</type><geogcsn Sync="TRUE">GCS_North_American_1983_HARN</geogcsn><csUnits Sync="TRUE">Linear Unit: Foot_US (0.304801)</csUnits><projcsn Sync="TRUE">NAD_1983_HARN_StatePlane_Washington_South_FIPS_4602_Feet</projcsn><peXml Sync="TRUE">&lt;ProjectedCoordinateSystem xsi:type='typens:ProjectedCoordinateSystem' xmlns:xsi='http://www.w3.org/2001/XMLSchema-instance' xmlns:xs='http://www.w3.org/2001/XMLSchema' xmlns:typens='http://www.esri.com/schemas/ArcGIS/10.4'&gt;&lt;WKT&gt;PROJCS[&amp;quot;NAD_1983_HARN_StatePlane_Washington_South_FIPS_4602_Feet&amp;quot;,GEOGCS[&amp;quot;GCS_North_American_1983_HARN&amp;quot;,DATUM[&amp;quot;D_North_American_1983_HARN&amp;quot;,SPHEROID[&amp;quot;GRS_1980&amp;quot;,6378137.0,298.257222101]],PRIMEM[&amp;quot;Greenwich&amp;quot;,0.0],UNIT[&amp;quot;Degree&amp;quot;,0.0174532925199433]],PROJECTION[&amp;quot;Lambert_Conformal_Conic&amp;quot;],PARAMETER[&amp;quot;False_Easting&amp;quot;,1640416.666666667],PARAMETER[&amp;quot;False_Northing&amp;quot;,0.0],PARAMETER[&amp;quot;Central_Meridian&amp;quot;,-120.5],PARAMETER[&amp;quot;Standard_Parallel_1&amp;quot;,45.83333333333334],PARAMETER[&amp;quot;Standard_Parallel_2&amp;quot;,47.33333333333334],PARAMETER[&amp;quot;Latitude_Of_Origin&amp;quot;,45.33333333333334],UNIT[&amp;quot;Foot_US&amp;quot;,0.3048006096012192],AUTHORITY[&amp;quot;EPSG&amp;quot;,2927]]&lt;/WKT&gt;&lt;XOrigin&gt;-117498300&lt;/XOrigin&gt;&lt;YOrigin&gt;-98850300&lt;/YOrigin&gt;&lt;XYScale&gt;3048.0060960121918&lt;/XYScale&gt;&lt;ZOrigin&gt;-100000&lt;/ZOrigin&gt;&lt;ZScale&gt;10000&lt;/ZScale&gt;&lt;MOrigin&gt;-100000&lt;/MOrigin&gt;&lt;MScale&gt;10000&lt;/MScale&gt;&lt;XYTolerance&gt;0.0032808333333333331&lt;/XYTolerance&gt;&lt;ZTolerance&gt;0.001&lt;/ZTolerance&gt;&lt;MTolerance&gt;0.001&lt;/MTolerance&gt;&lt;HighPrecision&gt;true&lt;/HighPrecision&gt;&lt;WKID&gt;2927&lt;/WKID&gt;&lt;LatestWKID&gt;2927&lt;/LatestWKID&gt;&lt;/ProjectedCoordinateSystem&gt;</peXml></coordRef></DataProperties><SyncDate>20171130</SyncDate><SyncTime>16310700</SyncTime><ModDate>20171130</ModDate><ModTime>16310700</ModTime><CreaDate>20191113</CreaDate><CreaTime>15044500</CreaTime><SyncOnce>TRUE</SyncOnce></Esri><spdoinfo><ptvctinf><esriterm Name="kelp2014"><efeatyp Sync="TRUE">Simple</efeatyp><efeageom code="4" Sync="TRUE"></efeageom><esritopo Sync="TRUE">FALSE</esritopo><efeacnt Sync="TRUE">1447</efeacnt><spindex Sync="TRUE">TRUE</spindex><linrefer Sync="TRUE">FALSE</linrefer></esriterm></ptvctinf></spdoinfo></metadata>
